Giglio-pc;5;2015-11-25 12:54:40;-1;16,82;0,00;3,56;1,17;0,00;78,46
Giglio-pc;5;2015-11-25 12:54:45;-1;13,90;0,00;2,78;0,81;0,00;82,52
Giglio-pc;5;2015-11-25 12:54:50;-1;10,22;0,00;2,00;1,10;0,00;86,68
Giglio-pc;5;2015-11-25 12:54:55;-1;9,92;0,00;2,16;0,65;0,00;87,27
Giglio-pc;5;2015-11-25 12:55:00;-1;11,41;0,00;2,12;0,56;0,00;85,91
Giglio-pc;5;2015-11-25 12:55:05;-1;8,78;0,00;2,37;0,61;0,00;88,24
Giglio-pc;5;2015-11-25 12:55:10;-1;10,91;0,00;1,97;0,71;0,00;86,41
Giglio-pc;5;2015-11-25 12:55:15;-1;9,45;0,00;2,31;0,60;0,00;87,64
Giglio-pc;5;2015-11-25 12:55:20;-1;8,60;0,00;2,06;0,60;0,00;88,73
Giglio-pc;5;2015-11-25 12:55:25;-1;8,73;0,00;2,02;0,56;0,00;88,69
Giglio-pc;5;2015-11-25 12:55:30;-1;10,09;0,00;2,15;0,55;0,00;87,21
Giglio-pc;5;2015-11-25 12:55:35;-1;9,78;0,00;2,21;0,70;0,00;87,31
Giglio-pc;5;2015-11-25 12:55:40;-1;8,84;0,00;2,11;0,70;0,00;88,35
Giglio-pc;5;2015-11-25 12:55:45;-1;12,27;0,00;2,21;0,70;0,00;84,81
Giglio-pc;5;2015-11-25 12:55:50;-1;10,56;0,00;2,27;0,91;0,00;86,26
Giglio-pc;5;2015-11-25 12:55:55;-1;8,50;0,00;2,41;0,60;0,00;88,49
Giglio-pc;5;2015-11-25 12:56:00;-1;8,04;0,00;2,23;0,61;0,00;89,12
Giglio-pc;5;2015-11-25 12:56:05;-1;8,19;0,00;2,41;0,65;0,00;88,75
Giglio-pc;5;2015-11-25 12:56:10;-1;7,20;0,00;2,32;0,65;0,00;89,83
Giglio-pc;5;2015-11-25 12:56:15;-1;7,65;0,00;1,96;0,60;0,00;89,78
Giglio-pc;5;2015-11-25 12:56:20;-1;8,26;0,00;1,96;0,60;0,00;89,17
Giglio-pc;5;2015-11-25 12:56:25;-1;8,50;0,00;2,02;0,40;0,00;89,07
Giglio-pc;5;2015-11-25 12:56:30;-1;8,11;0,00;2,22;0,45;0,00;89,21
Giglio-pc;5;2015-11-25 12:56:35;-1;6,93;0,00;2,07;0,81;0,00;90,19
Giglio-pc;5;2015-11-25 12:56:40;-1;7,84;0,00;2,21;0,80;0,00;89,15
Giglio-pc;5;2015-11-25 12:56:45;-1;7,82;0,00;2,01;0,50;0,00;89,67
Giglio-pc;5;2015-11-25 12:56:50;-1;7,67;0,00;1,77;0,71;0,00;89,86
Giglio-pc;5;2015-11-25 12:56:55;-1;8,08;0,00;2,01;1,00;0,00;88,91
Giglio-pc;5;2015-11-25 12:57:00;-1;7,77;0,00;2,12;0,56;0,00;89,55
Giglio-pc;5;2015-11-25 12:57:05;-1;7,99;0,00;2,28;0,76;0,00;88,97
Giglio-pc;5;2015-11-25 12:57:10;-1;7,67;0,00;2,61;0,60;0,00;89,12
Giglio-pc;5;2015-11-25 12:57:15;-1;7,88;0,00;2,22;0,66;0,00;89,24
Giglio-pc;5;2015-11-25 12:57:20;-1;7,53;0,00;2,68;0,66;0,00;89,13
Giglio-pc;5;2015-11-25 12:57:25;-1;8,35;0,00;2,51;0,70;0,00;88,44
Giglio-pc;5;2015-11-25 12:57:30;-1;9,70;0,00;2,11;0,65;0,00;87,54
Giglio-pc;5;2015-11-25 12:57:35;-1;7,67;0,00;2,57;0,66;0,00;89,11
Giglio-pc;5;2015-11-25 12:57:40;-1;8,20;0,00;1,96;0,55;0,00;89,29
Giglio-pc;5;2015-11-25 12:57:45;-1;8,27;0,00;2,37;0,71;0,00;88,66
Giglio-pc;5;2015-11-25 12:57:50;-1;8,00;0,00;2,87;0,55;0,00;88,58
Giglio-pc;5;2015-11-25 12:57:55;-1;10,98;0,00;2,11;0,60;0,00;86,30
Giglio-pc;5;2015-11-25 12:58:00;-1;7,10;0,00;2,01;0,60;0,00;90,28
Giglio-pc;5;2015-11-25 12:58:05;-1;7,52;0,00;2,11;0,75;0,00;89,62
Giglio-pc;5;2015-11-25 12:58:10;-1;7,65;0,00;2,11;0,70;0,00;89,53
Giglio-pc;5;2015-11-25 12:58:15;-1;7,78;0,00;2,31;0,60;0,00;89,31
Giglio-pc;5;2015-11-25 12:58:20;-1;7,61;0,00;2,37;0,81;0,00;89,21
Giglio-pc;5;2015-11-25 12:58:25;-1;6,27;0,00;2,18;0,66;0,00;90,90
Giglio-pc;5;2015-11-25 12:58:30;-1;7,59;0,00;2,36;0,60;0,00;89,45
Giglio-pc;5;2015-11-25 12:58:35;-1;7,98;0,00;2,16;0,55;0,00;89,31
Giglio-pc;5;2015-11-25 12:58:40;-1;8,09;0,00;2,56;0,65;0,00;88,70
Giglio-pc;5;2015-11-25 12:58:45;-1;8,29;0,00;2,50;0,75;0,00;88,47
Giglio-pc;5;2015-11-25 12:58:50;-1;7,18;0,00;2,02;0,51;0,00;90,30
Giglio-pc;5;2015-11-25 12:58:55;-1;8,49;0,00;2,26;0,50;0,00;88,75
Giglio-pc;5;2015-11-25 12:59:00;-1;7,36;0,00;2,27;0,71;0,00;89,67
Giglio-pc;5;2015-11-25 12:59:05;-1;8,06;0,00;2,02;0,60;0,00;89,31
Giglio-pc;5;2015-11-25 12:59:10;-1;7,69;0,00;2,33;0,56;0,00;89,42
Giglio-pc;5;2015-11-25 12:59:15;-1;8,19;0,00;2,16;0,70;0,00;88,94
Giglio-pc;5;2015-11-25 12:59:20;-1;7,76;0,00;2,25;0,60;0,00;89,38
Giglio-pc;5;2015-11-25 12:59:25;-1;7,62;0,00;2,17;0,71;0,00;89,50
Giglio-pc;5;2015-11-25 12:59:30;-1;7,76;0,00;2,37;0,76;0,00;89,11
Giglio-pc;5;2015-11-25 12:59:35;-1;7,62;0,00;2,17;0,61;0,00;89,60
Giglio-pc;5;2015-11-25 12:59:40;-1;2,78;0,00;0,81;0,86;0,00;95,55
Giglio-pc;5;2015-11-25 13:00:28;-1;44,57;0,00;7,17;0,10;0,00;48,16
Giglio-pc;5;2015-11-25 13:00:33;-1;14,03;0,00;2,78;0,71;0,00;82,48
Giglio-pc;5;2015-11-25 13:00:38;-1;16,60;0,00;4,29;0,50;0,00;78,61
Giglio-pc;5;2015-11-25 13:00:43;-1;16,43;0,00;4,16;0,56;0,00;78,85
Giglio-pc;5;2015-11-25 13:00:48;-1;14,58;0,00;5,28;0,75;0,00;79,39
Giglio-pc;5;2015-11-25 13:00:53;-1;19,58;0,00;3,28;0,45;0,00;76,69
Giglio-pc;5;2015-11-25 13:00:58;-1;15,71;0,00;3,58;0,76;0,00;79,96
Giglio-pc;5;2015-11-25 13:01:03;-1;12,83;0,00;3,26;0,65;0,00;83,27
Giglio-pc;5;2015-11-25 13:01:08;-1;11,87;0,00;3,40;0,76;0,00;83,97
Giglio-pc;5;2015-11-25 13:01:13;-1;14,83;0,00;3,38;0,71;0,00;81,08
Giglio-pc;5;2015-11-25 13:01:18;-1;11,08;0,00;3,34;0,61;0,00;84,97
Giglio-pc;5;2015-11-25 13:01:23;-1;11,06;0,00;3,42;0,60;0,00;84,92
Giglio-pc;5;2015-11-25 13:01:28;-1;12,00;0,00;3,78;1,44;0,00;82,77
Giglio-pc;5;2015-11-25 13:01:33;-1;10,85;0,00;3,02;0,65;0,00;85,48
Giglio-pc;5;2015-11-25 13:01:38;-1;10,40;0,00;3,28;1,87;0,00;84,44
Giglio-pc;5;2015-11-25 13:01:43;-1;9,90;0,00;3,23;0,66;0,00;86,21
Giglio-pc;5;2015-11-25 13:01:48;-1;9,96;0,00;3,42;0,70;0,00;85,91
Giglio-pc;5;2015-11-25 13:01:53;-1;10,96;0,00;3,10;0,71;0,00;85,23
Giglio-pc;5;2015-11-25 13:01:58;-1;11,46;0,00;2,83;0,61;0,00;85,10
Giglio-pc;5;2015-11-25 13:02:03;-1;11,42;0,00;2,73;0,66;0,00;85,19
Giglio-pc;5;2015-11-25 13:02:08;-1;10,04;0,00;3,28;0,55;0,00;86,13
Giglio-pc;5;2015-11-25 13:02:13;-1;11,43;0,00;3,02;0,70;0,00;84,84
Giglio-pc;5;2015-11-25 13:02:18;-1;11,06;0,00;3,10;0,70;0,00;85,14
Giglio-pc;5;2015-11-25 13:02:23;-1;10,22;0,00;2,73;0,76;0,00;86,29
Giglio-pc;5;2015-11-25 13:02:28;-1;10,43;0,00;3,02;0,60;0,00;85,94
Giglio-pc;5;2015-11-25 13:02:33;-1;11,07;0,00;3,12;0,60;0,00;85,21
Giglio-pc;5;2015-11-25 13:02:38;-1;10,53;0,00;3,32;0,55;0,00;85,59
Giglio-pc;5;2015-11-25 13:02:43;-1;10,87;0,00;2,53;0,61;0,00;86,00
Giglio-pc;5;2015-11-25 13:02:48;-1;10,39;0,00;2,84;0,61;0,00;86,17
Giglio-pc;5;2015-11-25 13:02:53;-1;10,64;0,00;3,36;0,60;0,00;85,39
Giglio-pc;5;2015-11-25 13:02:58;-1;10,88;0,00;3,32;0,86;0,00;84,94
Giglio-pc;5;2015-11-25 13:03:03;-1;10,69;0,00;3,06;0,85;0,00;85,40
Giglio-pc;5;2015-11-25 13:03:08;-1;16,73;0,00;3,67;0,55;0,00;79,06
Giglio-pc;5;2015-11-25 13:03:13;-1;10,43;0,00;3,07;0,65;0,00;85,84
Giglio-pc;5;2015-11-25 13:03:18;-1;10,32;0,00;2,34;0,71;0,00;86,63
Giglio-pc;5;2015-11-25 13:03:23;-1;10,20;0,00;2,54;0,81;0,00;86,45
Giglio-pc;5;2015-11-25 13:03:28;-1;11,07;0,00;3,02;0,80;0,00;85,11
Giglio-pc;5;2015-11-25 13:03:33;-1;11,14;0,00;3,12;0,60;0,00;85,13
Giglio-pc;5;2015-11-25 13:03:38;-1;11,49;0,00;3,55;0,60;0,00;84,37
Giglio-pc;5;2015-11-25 13:03:43;-1;10,61;0,00;3,27;0,80;0,00;85,32
Giglio-pc;5;2015-11-25 13:03:48;-1;11,16;0,00;3,23;0,81;0,00;84,80
Giglio-pc;5;2015-11-25 13:03:53;-1;11,28;0,00;2,82;0,81;0,00;85,10
Giglio-pc;5;2015-11-25 13:03:58;-1;12,69;0,00;4,57;0,85;0,00;81,89
Giglio-pc;5;2015-11-25 13:04:03;-1;15,03;0,00;5,38;1,06;0,00;78,53
Giglio-pc;5;2015-11-25 13:04:08;-1;13,07;0,00;3,74;0,86;0,00;82,33
Giglio-pc;5;2015-11-25 13:04:13;-1;10,61;0,00;3,32;0,55;0,00;85,51
Giglio-pc;5;2015-11-25 13:04:18;-1;10,33;0,00;2,97;0,76;0,00;85,94
Giglio-pc;5;2015-11-25 13:04:23;-1;10,52;0,00;3,02;0,55;0,00;85,91
Giglio-pc;5;2015-11-25 13:04:28;-1;11,08;0,00;3,26;0,70;0,00;84,95
Giglio-pc;5;2015-11-25 13:04:33;-1;10,79;0,00;3,08;0,86;0,00;85,27
Giglio-pc;5;2015-11-25 13:04:38;-1;11,29;0,00;2,83;0,76;0,00;85,12
Giglio-pc;5;2015-11-25 13:04:43;-1;11,36;0,00;2,74;0,76;0,00;85,13
Giglio-pc;5;2015-11-25 13:04:48;-1;10,36;0,00;2,97;0,45;0,00;86,22
Giglio-pc;5;2015-11-25 13:04:53;-1;10,27;0,00;3,03;0,51;0,00;86,19
Giglio-pc;5;2015-11-25 13:04:58;-1;10,94;0,00;3,06;0,60;0,00;85,40
Giglio-pc;5;2015-11-25 13:05:03;-1;10,97;0,00;3,17;1,31;0,00;84,55
Giglio-pc;5;2015-11-25 13:05:08;-1;10,40;0,00;3,02;0,75;0,00;85,83
Giglio-pc;5;2015-11-25 13:05:13;-1;11,50;0,00;3,38;0,50;0,00;84,62
Giglio-pc;5;2015-11-25 13:05:18;-1;11,34;0,00;3,02;0,76;0,00;84,88
Giglio-pc;5;2015-11-25 13:05:23;-1;10,39;0,00;2,92;0,66;0,00;86,03
Giglio-pc;5;2015-11-25 13:05:28;-1;6,17;0,00;1,92;0,66;0,00;91,24
Giglio-pc;5;2015-11-25 13:06:30;-1;65,42;0,00;12,19;0,10;0,00;22,28
Giglio-pc;5;2015-11-25 13:06:35;-1;17,42;0,00;3,93;0,40;0,00;78,25
Giglio-pc;5;2015-11-25 13:06:40;-1;24,13;0,00;4,75;0,46;0,00;70,66
Giglio-pc;5;2015-11-25 13:06:45;-1;28,07;0,00;6,17;0,35;0,00;65,40
Giglio-pc;5;2015-11-25 13:06:50;-1;20,00;0,00;5,53;0,56;0,00;73,91
Giglio-pc;5;2015-11-25 13:06:55;-1;18,15;0,00;5,17;0,41;0,00;76,27
Giglio-pc;5;2015-11-25 13:07:00;-1;18,47;0,00;4,93;0,45;0,00;76,14
Giglio-pc;5;2015-11-25 13:07:05;-1;16,79;0,00;4,73;0,55;0,00;77,93
Giglio-pc;5;2015-11-25 13:07:10;-1;16,90;0,00;4,63;0,50;0,00;77,97
Giglio-pc;5;2015-11-25 13:07:15;-1;16,52;0,00;4,80;0,40;0,00;78,27
Giglio-pc;5;2015-11-25 13:07:20;-1;15,81;0,00;3,90;0,46;0,00;79,84
Giglio-pc;5;2015-11-25 13:07:25;-1;16,20;0,00;4,55;0,55;0,00;78,70
Giglio-pc;5;2015-11-25 13:07:30;-1;16,15;0,00;4,05;0,46;0,00;79,34
Giglio-pc;5;2015-11-25 13:07:35;-1;15,82;0,00;4,33;0,50;0,00;79,35
Giglio-pc;5;2015-11-25 13:07:40;-1;16,70;0,00;4,69;0,71;0,00;77,90
Giglio-pc;5;2015-11-25 13:07:45;-1;15,86;0,00;4,00;0,41;0,00;79,73
Giglio-pc;5;2015-11-25 13:07:50;-1;14,83;0,00;3,98;0,61;0,00;80,58
Giglio-pc;5;2015-11-25 13:07:55;-1;15,74;0,00;4,14;0,45;0,00;79,67
Giglio-pc;5;2015-11-25 13:08:00;-1;15,26;0,00;4,32;0,46;0,00;79,96
Giglio-pc;5;2015-11-25 13:08:05;-1;15,74;0,00;4,12;0,45;0,00;79,68
Giglio-pc;5;2015-11-25 13:08:10;-1;15,79;0,00;4,37;0,36;0,00;79,48
Giglio-pc;5;2015-11-25 13:08:15;-1;15,54;0,00;4,44;0,61;0,00;79,41
Giglio-pc;5;2015-11-25 13:08:20;-1;19,06;0,00;4,26;0,45;0,00;76,23
Giglio-pc;5;2015-11-25 13:08:25;-1;18,71;0,00;4,29;0,50;0,00;76,50
Giglio-pc;5;2015-11-25 13:08:30;-1;15,31;0,00;4,27;0,61;0,00;79,81
Giglio-pc;5;2015-11-25 13:08:35;-1;18,03;0,00;4,61;0,46;0,00;76,90
Giglio-pc;5;2015-11-25 13:08:40;-1;16,03;0,00;4,71;0,40;0,00;78,86
Giglio-pc;5;2015-11-25 13:08:45;-1;15,55;0,00;3,71;0,46;0,00;80,28
Giglio-pc;5;2015-11-25 13:08:50;-1;15,57;0,00;4,32;0,40;0,00;79,71
Giglio-pc;5;2015-11-25 13:08:55;-1;14,97;0,00;4,05;0,46;0,00;80,53
Giglio-pc;5;2015-11-25 13:09:00;-1;14,93;0,00;4,52;0,61;0,00;79,94
Giglio-pc;5;2015-11-25 13:09:05;-1;14,70;0,00;4,09;3,28;0,00;77,93
Giglio-pc;5;2015-11-25 13:09:10;-1;15,06;0,00;4,31;0,41;0,00;80,22
Giglio-pc;5;2015-11-25 13:09:15;-1;15,28;0,00;4,15;0,71;0,00;79,87
Giglio-pc;5;2015-11-25 13:09:20;-1;15,98;0,00;4,28;0,30;0,00;79,44
Giglio-pc;5;2015-11-25 13:09:25;-1;16,40;0,00;4,09;0,35;0,00;79,16
Giglio-pc;5;2015-11-25 13:09:30;-1;15,57;0,00;4,08;0,55;0,00;79,80
Giglio-pc;5;2015-11-25 13:09:35;-1;15,07;0,00;4,01;0,56;0,00;80,37
Giglio-pc;5;2015-11-25 13:09:40;-1;15,04;0,00;4,15;0,66;0,00;80,15
Giglio-pc;5;2015-11-25 13:09:45;-1;15,08;0,00;3,62;0,46;0,00;80,85
Giglio-pc;5;2015-11-25 13:09:50;-1;15,73;0,00;4,23;0,50;0,00;79,54
Giglio-pc;5;2015-11-25 13:09:55;-1;14,79;0,00;4,27;0,36;0,00;80,59
Giglio-pc;5;2015-11-25 13:10:00;-1;15,75;0,00;4,20;0,55;0,00;79,50
Giglio-pc;5;2015-11-25 13:10:05;-1;15,14;0,00;4,24;0,45;0,00;80,17
Giglio-pc;5;2015-11-25 13:10:10;-1;16,19;0,00;4,17;0,45;0,00;79,19
Giglio-pc;5;2015-11-25 13:10:15;-1;15,89;0,00;4,19;0,50;0,00;79,43
Giglio-pc;5;2015-11-25 13:10:20;-1;15,21;0,00;3,97;0,51;0,00;80,32
Giglio-pc;5;2015-11-25 13:10:25;-1;15,66;0,00;4,34;0,56;0,00;79,44
Giglio-pc;5;2015-11-25 13:10:30;-1;16,41;0,00;4,14;0,45;0,00;79,00
Giglio-pc;5;2015-11-25 13:10:35;-1;16,14;0,00;4,66;0,35;0,00;78,85
Giglio-pc;5;2015-11-25 13:10:40;-1;16,83;0,00;4,24;0,40;0,00;78,52
Giglio-pc;5;2015-11-25 13:10:45;-1;16,20;0,00;3,97;0,40;0,00;79,43
Giglio-pc;5;2015-11-25 13:10:50;-1;15,39;0,00;4,98;0,45;0,00;79,18
Giglio-pc;5;2015-11-25 13:10:55;-1;18,05;0,00;4,76;0,50;0,00;76,68
Giglio-pc;5;2015-11-25 13:11:00;-1;16,19;0,00;4,18;0,51;0,00;79,12
Giglio-pc;5;2015-11-25 13:11:05;-1;16,70;0,00;4,50;0,51;0,00;78,29
Giglio-pc;5;2015-11-25 13:11:10;-1;15,48;0,00;4,19;0,55;0,00;79,78
Giglio-pc;5;2015-11-25 13:11:15;-1;16,17;0,00;3,89;0,45;0,00;79,48
Giglio-pc;5;2015-11-25 13:11:20;-1;15,78;0,00;3,77;0,51;0,00;79,95
Giglio-pc;5;2015-11-25 13:11:25;-1;15,07;0,00;3,81;0,41;0,00;80,72
Giglio-pc;5;2015-11-25 13:11:30;-1;12,83;0,00;3,89;0,45;0,00;82,82
Giglio-pc;5;2015-11-25 13:12:29;-1;77,34;0,00;14,63;0,05;0,00;7,98
Giglio-pc;5;2015-11-25 13:12:34;-1;27,70;0,00;5,71;0,25;0,00;66,33
Giglio-pc;5;2015-11-25 13:12:39;-1;43,62;0,00;7,53;0,60;0,00;48,24
Giglio-pc;5;2015-11-25 13:12:44;-1;27,08;0,00;7,75;0,50;0,00;64,67
Giglio-pc;5;2015-11-25 13:12:49;-1;26,49;0,00;8,09;0,51;0,00;64,91
Giglio-pc;5;2015-11-25 13:12:54;-1;25,15;0,00;6,30;0,40;0,00;68,15
Giglio-pc;5;2015-11-25 13:12:59;-1;25,08;0,00;6,69;0,56;0,00;67,68
Giglio-pc;5;2015-11-25 13:13:04;-1;26,68;0,00;5,98;0,60;0,00;66,73
Giglio-pc;5;2015-11-25 13:13:09;-1;26,66;0,00;6,27;0,61;0,00;66,46
Giglio-pc;5;2015-11-25 13:13:14;-1;24,27;0,00;6,06;0,61;0,00;69,06
Giglio-pc;5;2015-11-25 13:13:19;-1;22,70;0,00;5,94;0,66;0,00;70,70
Giglio-pc;5;2015-11-25 13:13:24;-1;22,00;0,00;6,31;0,66;0,00;71,04
Giglio-pc;5;2015-11-25 13:13:29;-1;22,37;0,00;5,89;0,61;0,00;71,13
Giglio-pc;5;2015-11-25 13:13:34;-1;21,17;0,00;4,98;0,65;0,00;73,20
Giglio-pc;5;2015-11-25 13:13:39;-1;24,27;0,00;5,86;0,61;0,00;69,26
Giglio-pc;5;2015-11-25 13:13:44;-1;20,26;0,00;5,72;0,56;0,00;73,45
Giglio-pc;5;2015-11-25 13:13:49;-1;21,08;0,00;5,70;0,61;0,00;72,62
Giglio-pc;5;2015-11-25 13:13:54;-1;20,59;0,00;5,04;0,60;0,00;73,77
Giglio-pc;5;2015-11-25 13:13:59;-1;21,37;0,00;5,82;0,60;0,00;72,20
Giglio-pc;5;2015-11-25 13:14:04;-1;19,63;0,00;5,34;0,61;0,00;74,42
Giglio-pc;5;2015-11-25 13:14:09;-1;19,47;0,00;5,25;0,51;0,00;74,77
Giglio-pc;5;2015-11-25 13:14:14;-1;19,35;0,00;5,85;0,60;0,00;74,19
Giglio-pc;5;2015-11-25 13:14:19;-1;21,41;0,00;5,69;0,55;0,00;72,34
Giglio-pc;5;2015-11-25 13:14:24;-1;20,37;0,00;5,38;0,55;0,00;73,69
Giglio-pc;5;2015-11-25 13:14:29;-1;19,75;0,00;5,89;0,45;0,00;73,90
Giglio-pc;5;2015-11-25 13:14:34;-1;21,00;0,00;5,60;0,56;0,00;72,84
Giglio-pc;5;2015-11-25 13:14:39;-1;20,36;0,00;5,76;0,51;0,00;73,37
Giglio-pc;5;2015-11-25 13:14:44;-1;21,34;0,00;5,85;0,60;0,00;72,21
Giglio-pc;5;2015-11-25 13:14:49;-1;19,16;0,00;4,83;0,61;0,00;75,41
Giglio-pc;5;2015-11-25 13:14:54;-1;20,24;0,00;5,19;0,61;0,00;73,96
Giglio-pc;5;2015-11-25 13:14:59;-1;21,41;0,00;5,49;0,55;0,00;72,54
Giglio-pc;5;2015-11-25 13:15:04;-1;19,65;0,00;5,51;0,66;0,00;74,19
Giglio-pc;5;2015-11-25 13:15:09;-1;20,10;0,00;5,67;0,81;0,00;73,42
Giglio-pc;5;2015-11-25 13:15:14;-1;19,29;0,00;5,13;0,51;0,00;75,08
Giglio-pc;5;2015-11-25 13:15:19;-1;21,33;0,00;5,37;0,56;0,00;72,75
Giglio-pc;5;2015-11-25 13:15:24;-1;20,33;0,00;5,01;0,46;0,00;74,20
Giglio-pc;5;2015-11-25 13:15:29;-1;20,00;0,00;5,74;0,65;0,00;73,60
Giglio-pc;5;2015-11-25 13:15:34;-1;20,05;0,00;5,14;0,65;0,00;74,16
Giglio-pc;5;2015-11-25 13:15:39;-1;20,48;0,00;5,30;0,61;0,00;73,61
Giglio-pc;5;2015-11-25 13:15:44;-1;20,92;0,00;5,54;0,91;0,00;72,63
Giglio-pc;5;2015-11-25 13:15:49;-1;19,39;0,00;5,72;0,61;0,00;74,28
Giglio-pc;5;2015-11-25 13:15:54;-1;20,36;0,00;5,47;0,51;0,00;73,66
Giglio-pc;5;2015-11-25 13:15:59;-1;19,06;0,00;6,02;0,51;0,00;74,42
Giglio-pc;5;2015-11-25 13:16:04;-1;20,69;0,00;5,65;0,66;0,00;73,01
Giglio-pc;5;2015-11-25 13:16:09;-1;23,85;0,00;5,09;0,96;0,00;70,10
Giglio-pc;5;2015-11-25 13:16:14;-1;21,35;0,00;4,97;0,61;0,00;73,07
Giglio-pc;5;2015-11-25 13:16:19;-1;22,31;0,00;5,58;0,56;0,00;71,55
Giglio-pc;5;2015-11-25 13:16:24;-1;21,89;0,00;5,35;0,66;0,00;72,11
Giglio-pc;5;2015-11-25 13:16:29;-1;20,91;0,00;4,75;0,51;0,00;73,84
Giglio-pc;5;2015-11-25 13:16:34;-1;20,38;0,00;4,97;0,51;0,00;74,15
Giglio-pc;5;2015-11-25 13:16:39;-1;21,52;0,00;5,06;0,71;0,00;72,71
Giglio-pc;5;2015-11-25 13:16:44;-1;20,45;0,00;5,28;0,91;0,00;73,36
Giglio-pc;5;2015-11-25 13:16:49;-1;22,20;0,00;5,32;0,86;0,00;71,62
Giglio-pc;5;2015-11-25 13:16:54;-1;19,72;0,00;5,86;0,46;0,00;73,96
Giglio-pc;5;2015-11-25 13:16:59;-1;21,23;0,00;5,32;0,51;0,00;72,95
Giglio-pc;5;2015-11-25 13:17:04;-1;20,44;0,00;6,11;0,50;0,00;72,94
Giglio-pc;5;2015-11-25 13:17:09;-1;21,08;0,00;5,32;0,70;0,00;72,89
Giglio-pc;5;2015-11-25 13:17:14;-1;20,51;0,00;5,42;0,72;0,00;73,35
Giglio-pc;5;2015-11-25 13:17:19;-1;21,18;0,00;5,46;0,71;0,00;72,65
Giglio-pc;5;2015-11-25 13:17:24;-1;20,88;0,00;5,36;0,51;0,00;73,25
Giglio-pc;5;2015-11-25 13:17:29;-1;20,53;0,00;5,15;0,55;0,00;73,76
Giglio-pc;5;2015-11-25 13:18:32;-1;77,64;0,00;14,53;0,05;0,00;7,78
Giglio-pc;5;2015-11-25 13:18:37;-1;57,99;0,00;11,17;0,15;0,00;30,69
Giglio-pc;5;2015-11-25 13:18:42;-1;40,60;0,00;9,07;0,46;0,00;49,87
Giglio-pc;5;2015-11-25 13:18:47;-1;42,55;0,00;11,63;0,87;0,00;44,95
Giglio-pc;5;2015-11-25 13:18:52;-1;41,06;0,00;9,65;0,86;0,00;48,43
Giglio-pc;5;2015-11-25 13:18:57;-1;44,26;0,00;10,72;0,36;0,00;44,67
Giglio-pc;5;2015-11-25 13:19:02;-1;41,35;0,00;10,06;0,26;0,00;48,34
Giglio-pc;5;2015-11-25 13:19:07;-1;36,38;0,00;8,99;0,36;0,00;54,27
Giglio-pc;5;2015-11-25 13:19:12;-1;34,26;0,00;8,98;0,45;0,00;56,31
Giglio-pc;5;2015-11-25 13:19:17;-1;33,09;0,00;8,58;0,31;0,00;58,02
Giglio-pc;5;2015-11-25 13:19:22;-1;31,26;0,00;7,89;0,51;0,00;60,34
Giglio-pc;5;2015-11-25 13:19:27;-1;29,67;0,00;7,15;0,46;0,00;62,72
Giglio-pc;5;2015-11-25 13:19:32;-1;29,40;0,00;7,79;0,51;0,00;62,30
Giglio-pc;5;2015-11-25 13:19:37;-1;27,44;0,00;7,65;0,45;0,00;64,45
Giglio-pc;5;2015-11-25 13:19:42;-1;27,54;0,00;7,54;0,46;0,00;64,46
Giglio-pc;5;2015-11-25 13:19:47;-1;29,15;0,00;7,50;0,55;0,00;62,80
Giglio-pc;5;2015-11-25 13:19:52;-1;28,77;0,00;7,29;0,35;0,00;63,58
Giglio-pc;5;2015-11-25 13:19:57;-1;27,01;0,00;7,85;0,50;0,00;64,63
Giglio-pc;5;2015-11-25 13:20:02;-1;26,86;0,00;6,97;0,45;0,00;65,72
Giglio-pc;5;2015-11-25 13:20:07;-1;31,18;0,00;7,32;0,55;0,00;60,95
Giglio-pc;5;2015-11-25 13:20:12;-1;27,96;0,00;6,65;0,41;0,00;64,99
Giglio-pc;5;2015-11-25 13:20:17;-1;26,33;0,00;6,82;0,40;0,00;66,45
Giglio-pc;5;2015-11-25 13:20:22;-1;26,95;0,00;7,25;0,45;0,00;65,34
Giglio-pc;5;2015-11-25 13:20:27;-1;25,09;0,00;6,53;0,56;0,00;67,82
Giglio-pc;5;2015-11-25 13:20:32;-1;26,58;0,00;6,43;0,51;0,00;66,48
Giglio-pc;5;2015-11-25 13:20:37;-1;27,83;0,00;6,37;0,66;0,00;65,14
Giglio-pc;5;2015-11-25 13:20:42;-1;26,63;0,00;6,57;0,66;0,00;66,14
Giglio-pc;5;2015-11-25 13:20:47;-1;25,52;0,00;6,69;0,46;0,00;67,33
Giglio-pc;5;2015-11-25 13:20:52;-1;25,81;0,00;6,20;0,36;0,00;67,63
Giglio-pc;5;2015-11-25 13:20:57;-1;29,71;0,00;8,59;0,40;0,00;61,29
Giglio-pc;5;2015-11-25 13:21:02;-1;26,72;0,00;7,00;0,35;0,00;65,92
Giglio-pc;5;2015-11-25 13:21:07;-1;25,67;0,00;7,73;0,66;0,00;65,94
Giglio-pc;5;2015-11-25 13:21:12;-1;26,29;0,00;6,42;0,46;0,00;66,84
Giglio-pc;5;2015-11-25 13:21:17;-1;26,77;0,00;6,62;0,56;0,00;66,06
Giglio-pc;5;2015-11-25 13:21:22;-1;26,47;0,00;6,33;0,60;0,00;66,60
Giglio-pc;5;2015-11-25 13:21:27;-1;26,26;0,00;6,45;0,46;0,00;66,84
Giglio-pc;5;2015-11-25 13:21:32;-1;25,71;0,00;6,43;0,35;0,00;67,51
Giglio-pc;5;2015-11-25 13:21:37;-1;28,60;0,00;7,35;1,36;0,00;62,69
Giglio-pc;5;2015-11-25 13:21:42;-1;26,50;0,00;6,78;0,46;0,00;66,26
Giglio-pc;5;2015-11-25 13:21:47;-1;25,86;0,00;7,55;0,45;0,00;66,15
Giglio-pc;5;2015-11-25 13:21:52;-1;25,57;0,00;7,15;0,56;0,00;66,72
Giglio-pc;5;2015-11-25 13:21:57;-1;26,21;0,00;6,96;0,86;0,00;65,97
Giglio-pc;5;2015-11-25 13:22:02;-1;26,13;0,00;6,66;0,56;0,00;66,65
Giglio-pc;5;2015-11-25 13:22:07;-1;27,20;0,00;7,05;0,50;0,00;65,24
Giglio-pc;5;2015-11-25 13:22:12;-1;26,45;0,00;6,76;0,50;0,00;66,28
Giglio-pc;5;2015-11-25 13:22:17;-1;26,91;0,00;6,37;0,40;0,00;66,31
Giglio-pc;5;2015-11-25 13:22:22;-1;25,70;0,00;6,93;0,46;0,00;66,92
Giglio-pc;5;2015-11-25 13:22:27;-1;27,19;0,00;7,34;0,56;0,00;64,91
Giglio-pc;5;2015-11-25 13:22:32;-1;26,55;0,00;7,42;0,50;0,00;65,52
Giglio-pc;5;2015-11-25 13:22:37;-1;26,41;0,00;6,79;0,46;0,00;66,35
Giglio-pc;5;2015-11-25 13:22:42;-1;26,33;0,00;6,41;0,46;0,00;66,80
Giglio-pc;5;2015-11-25 13:22:47;-1;27,20;0,00;7,25;0,60;0,00;64,94
Giglio-pc;5;2015-11-25 13:22:52;-1;25,72;0,00;6,76;0,51;0,00;67,01
Giglio-pc;5;2015-11-25 13:22:57;-1;26,29;0,00;6,57;0,51;0,00;66,63
Giglio-pc;5;2015-11-25 13:23:02;-1;26,33;0,00;7,15;0,61;0,00;65,91
Giglio-pc;5;2015-11-25 13:23:07;-1;27,39;0,00;7,38;0,61;0,00;64,61
Giglio-pc;5;2015-11-25 13:23:12;-1;25,53;0,00;6,60;0,51;0,00;67,36
Giglio-pc;5;2015-11-25 13:23:17;-1;26,43;0,00;7,15;0,41;0,00;66,01
Giglio-pc;5;2015-11-25 13:23:22;-1;28,28;0,00;6,46;0,35;0,00;64,90
Giglio-pc;5;2015-11-25 13:23:27;-1;25,15;0,00;6,59;0,46;0,00;67,80
Giglio-pc;5;2015-11-25 13:23:32;-1;26,14;0,00;7,10;0,51;0,00;66,26
Giglio-pc;5;2015-11-25 13:24:56;-1;77,66;0,00;15,08;0,05;0,00;7,21
Giglio-pc;5;2015-11-25 13:25:01;-1;79,03;0,00;17,04;0,05;0,00;3,88
Giglio-pc;5;2015-11-25 13:25:06;-1;45,68;0,00;13,68;0,15;0,00;40,48
Giglio-pc;5;2015-11-25 13:25:11;-1;55,56;0,00;13,09;0,10;0,00;31,25
Giglio-pc;5;2015-11-25 13:25:16;-1;57,19;0,00;13,31;0,25;0,00;29,25
Giglio-pc;5;2015-11-25 13:25:21;-1;55,91;0,00;13,34;0,20;0,00;30,55
Giglio-pc;5;2015-11-25 13:25:26;-1;54,16;0,00;13,08;0,20;0,00;32,56
Giglio-pc;5;2015-11-25 13:25:31;-1;50,71;0,00;12,35;0,05;0,00;36,89
Giglio-pc;5;2015-11-25 13:25:36;-1;46,96;0,00;10,44;0,25;0,00;42,35
Giglio-pc;5;2015-11-25 13:25:41;-1;43,59;0,00;11,49;0,25;0,00;44,66
Giglio-pc;5;2015-11-25 13:25:46;-1;41,48;0,00;10,77;0,41;0,00;47,35
Giglio-pc;5;2015-11-25 13:25:51;-1;39,51;0,00;9,49;0,61;0,00;50,40
Giglio-pc;5;2015-11-25 13:25:56;-1;36,50;0,00;10,67;0,46;0,00;52,38
Giglio-pc;5;2015-11-25 13:26:01;-1;35,57;0,00;9,52;0,51;0,00;54,40
Giglio-pc;5;2015-11-25 13:26:06;-1;35,06;0,00;9,28;0,67;0,00;55,00
Giglio-pc;5;2015-11-25 13:26:11;-1;33,43;0,00;9,21;0,56;0,00;56,80
Giglio-pc;5;2015-11-25 13:26:16;-1;35,67;0,00;8,45;0,36;0,00;55,52
Giglio-pc;5;2015-11-25 13:26:21;-1;30,68;0,00;8,06;0,46;0,00;60,80
Giglio-pc;5;2015-11-25 13:26:26;-1;32,42;0,00;9,14;0,40;0,00;58,03
Giglio-pc;5;2015-11-25 13:26:31;-1;32,01;0,00;8,92;0,41;0,00;58,66
Giglio-pc;5;2015-11-25 13:26:36;-1;32,66;0,00;7,87;0,50;0,00;58,96
Giglio-pc;5;2015-11-25 13:26:41;-1;31,57;0,00;8,62;0,51;0,00;59,31
Giglio-pc;5;2015-11-25 13:26:46;-1;33,97;0,00;8,47;0,40;0,00;57,16
Giglio-pc;5;2015-11-25 13:26:51;-1;32,75;0,00;8,54;0,40;0,00;58,31
Giglio-pc;5;2015-11-25 13:26:56;-1;32,37;0,00;9,15;0,36;0,00;58,13
Giglio-pc;5;2015-11-25 13:27:01;-1;31,48;0,00;8,94;0,45;0,00;59,12
Giglio-pc;5;2015-11-25 13:27:06;-1;33,52;0,00;9,17;0,76;0,00;56,55
Giglio-pc;5;2015-11-25 13:27:11;-1;32,78;0,00;9,43;0,40;0,00;57,39
Giglio-pc;5;2015-11-25 13:27:16;-1;31,08;0,00;8,49;0,41;0,00;60,02
Giglio-pc;5;2015-11-25 13:27:21;-1;32,93;0,00;8,66;0,41;0,00;58,00
Giglio-pc;5;2015-11-25 13:27:26;-1;34,68;0,00;9,00;0,46;0,00;55,86
Giglio-pc;5;2015-11-25 13:27:31;-1;36,65;0,00;8,88;0,46;0,00;54,01
Giglio-pc;5;2015-11-25 13:27:36;-1;30,91;0,00;7,92;0,45;0,00;60,72
Giglio-pc;5;2015-11-25 13:27:41;-1;30,74;0,00;8,79;0,51;0,00;59,96
Giglio-pc;5;2015-11-25 13:27:46;-1;32,45;0,00;8,24;0,40;0,00;58,92
Giglio-pc;5;2015-11-25 13:27:51;-1;32,08;0,00;8,85;0,45;0,00;58,62
Giglio-pc;5;2015-11-25 13:27:56;-1;31,74;0,00;8,80;0,46;0,00;59,00
Giglio-pc;5;2015-11-25 13:28:01;-1;32,64;0,00;8,77;0,41;0,00;58,18
Giglio-pc;5;2015-11-25 13:28:06;-1;32,31;0,00;7,99;0,51;0,00;59,20
Giglio-pc;5;2015-11-25 13:28:11;-1;31,98;0,00;8,36;0,41;0,00;59,25
Giglio-pc;5;2015-11-25 13:28:16;-1;31,79;0,00;8,14;0,61;0,00;59,46
Giglio-pc;5;2015-11-25 13:28:21;-1;32,23;0,00;8,85;0,51;0,00;58,41
Giglio-pc;5;2015-11-25 13:28:26;-1;34,86;0,00;8,85;0,40;0,00;55,89
Giglio-pc;5;2015-11-25 13:28:31;-1;34,23;0,00;8,91;0,41;0,00;56,46
Giglio-pc;5;2015-11-25 13:28:36;-1;32,26;0,00;8,97;0,45;0,00;58,32
Giglio-pc;5;2015-11-25 13:28:41;-1;32,42;0,00;8,63;0,46;0,00;58,50
Giglio-pc;5;2015-11-25 13:28:46;-1;34,15;0,00;8,14;0,26;0,00;57,45
Giglio-pc;5;2015-11-25 13:28:51;-1;31,23;0,00;8,81;0,41;0,00;59,55
Giglio-pc;5;2015-11-25 13:28:56;-1;31,81;0,00;8,22;0,41;0,00;59,56
Giglio-pc;5;2015-11-25 13:29:01;-1;31,09;0,00;8,55;0,45;0,00;59,91
Giglio-pc;5;2015-11-25 13:29:06;-1;31,42;0,00;8,59;0,56;0,00;59,43
Giglio-pc;5;2015-11-25 13:29:11;-1;33,93;0,00;8,72;0,45;0,00;56,89
Giglio-pc;5;2015-11-25 13:29:16;-1;30,54;0,00;8,11;0,46;0,00;60,88
Giglio-pc;5;2015-11-25 13:29:21;-1;32,70;0,00;8,84;0,51;0,00;57,95
Giglio-pc;5;2015-11-25 13:29:26;-1;32,71;0,00;8,25;0,35;0,00;58,68
Giglio-pc;5;2015-11-25 13:29:31;-1;31,50;0,00;7,89;0,46;0,00;60,16
Giglio-pc;5;2015-11-25 13:29:36;-1;30,94;0,00;8,15;0,41;0,00;60,50
Giglio-pc;5;2015-11-25 13:29:41;-1;31,75;0,00;8,37;0,46;0,00;59,42
Giglio-pc;5;2015-11-25 13:29:46;-1;31,97;0,00;8,45;0,61;0,00;58,97
Giglio-pc;5;2015-11-25 13:29:51;-1;31,34;0,00;7,79;0,46;0,00;60,41
Giglio-pc;5;2015-11-25 13:29:56;-1;32,76;0,00;8,47;0,81;0,00;57,96
Giglio-pc;5;2015-11-25 13:31:25;-1;79,14;0,00;13,53;0,00;0,00;7,33
Giglio-pc;5;2015-11-25 13:31:30;-1;81,59;0,00;15,03;0,10;0,00;3,28
Giglio-pc;5;2015-11-25 13:31:35;-1;60,85;0,00;14,74;0,70;0,00;23,71
Giglio-pc;5;2015-11-25 13:31:40;-1;56,48;0,00;16,52;0,30;0,00;26,71
Giglio-pc;5;2015-11-25 13:31:45;-1;59,71;0,00;14,50;0,15;0,00;25,65
Giglio-pc;5;2015-11-25 13:31:50;-1;69,41;0,00;14,56;0,25;0,00;15,77
Giglio-pc;5;2015-11-25 13:31:55;-1;55,87;0,00;12,44;0,15;0,00;31,54
Giglio-pc;5;2015-11-25 13:32:00;-1;49,75;0,00;12,28;0,25;0,00;37,72
Giglio-pc;5;2015-11-25 13:32:05;-1;60,66;0,00;12,81;0,20;0,00;26,33
Giglio-pc;5;2015-11-25 13:32:10;-1;48,10;0,00;11,47;0,05;0,00;40,39
Giglio-pc;5;2015-11-25 13:32:15;-1;43,71;0,00;12,17;0,26;0,00;43,87
Giglio-pc;5;2015-11-25 13:32:20;-1;42,91;0,00;11,12;0,50;0,00;45,47
Giglio-pc;5;2015-11-25 13:32:25;-1;44,91;0,00;10,74;0,41;0,00;43,94
Giglio-pc;5;2015-11-25 13:32:30;-1;40,88;0,00;10,96;0,51;0,00;47,66
Giglio-pc;5;2015-11-25 13:32:35;-1;40,41;0,00;10,46;0,51;0,00;48,62
Giglio-pc;5;2015-11-25 13:32:40;-1;39,83;0,00;9,56;0,51;0,00;50,10
Giglio-pc;5;2015-11-25 13:32:45;-1;38,42;0,00;10,97;0,51;0,00;50,10
Giglio-pc;5;2015-11-25 13:32:50;-1;38,24;0,00;10,16;0,30;0,00;51,30
Giglio-pc;5;2015-11-25 13:32:55;-1;39,21;0,00;10,26;0,45;0,00;50,08
Giglio-pc;5;2015-11-25 13:33:00;-1;39,70;0,00;10,76;0,35;0,00;49,19
Giglio-pc;5;2015-11-25 13:33:05;-1;37,99;0,00;10,04;0,41;0,00;51,56
Giglio-pc;5;2015-11-25 13:33:10;-1;38,84;0,00;10,37;0,51;0,00;50,28
Giglio-pc;5;2015-11-25 13:33:15;-1;37,89;0,00;10,04;0,50;0,00;51,56
Giglio-pc;5;2015-11-25 13:33:20;-1;39,06;0,00;10,16;0,45;0,00;50,33
Giglio-pc;5;2015-11-25 13:33:25;-1;39,43;0,00;10,11;0,40;0,00;50,05
Giglio-pc;5;2015-11-25 13:33:30;-1;38,82;0,00;10,06;0,51;0,00;50,61
Giglio-pc;5;2015-11-25 13:33:35;-1;39,34;0,00;10,03;0,46;0,00;50,18
Giglio-pc;5;2015-11-25 13:33:40;-1;37,48;0,00;10,78;0,50;0,00;51,23
Giglio-pc;5;2015-11-25 13:33:45;-1;35,90;0,00;9,78;0,41;0,00;53,92
Giglio-pc;5;2015-11-25 13:33:50;-1;36,31;0,00;10,61;0,61;0,00;52,46
Giglio-pc;5;2015-11-25 13:33:55;-1;39,04;0,00;10,40;0,51;0,00;50,05
Giglio-pc;5;2015-11-25 13:34:00;-1;38,10;0,00;10,46;0,40;0,00;51,04
Giglio-pc;5;2015-11-25 13:34:05;-1;37,91;0,00;9,91;0,41;0,00;51,78
Giglio-pc;5;2015-11-25 13:34:10;-1;38,62;0,00;10,05;0,40;0,00;50,93
Giglio-pc;5;2015-11-25 13:34:15;-1;38,14;0,00;11,41;0,55;0,00;49,90
Giglio-pc;5;2015-11-25 13:34:20;-1;38,71;0,00;10,69;0,35;0,00;50,25
Giglio-pc;5;2015-11-25 13:34:25;-1;38,80;0,00;9,97;0,41;0,00;50,82
Giglio-pc;5;2015-11-25 13:34:30;-1;38,35;0,00;10,31;0,45;0,00;50,88
Giglio-pc;5;2015-11-25 13:34:35;-1;38,39;0,00;10,37;0,46;0,00;50,78
Giglio-pc;5;2015-11-25 13:34:40;-1;36,67;0,00;10,02;0,51;0,00;52,80
Giglio-pc;5;2015-11-25 13:34:45;-1;37,54;0,00;11,00;0,46;0,00;51,00
Giglio-pc;5;2015-11-25 13:34:50;-1;37,81;0,00;10,27;0,45;0,00;51,46
Giglio-pc;5;2015-11-25 13:34:55;-1;38,04;0,00;9,77;0,30;0,00;51,89
Giglio-pc;5;2015-11-25 13:35:00;-1;36,03;0,00;10,96;0,46;0,00;52,55
Giglio-pc;5;2015-11-25 13:35:05;-1;39,03;0,00;9,71;0,50;0,00;50,75
Giglio-pc;5;2015-11-25 13:35:10;-1;37,93;0,00;9,15;0,51;0,00;52,41
Giglio-pc;5;2015-11-25 13:35:15;-1;37,98;0,00;10,20;0,40;0,00;51,41
Giglio-pc;5;2015-11-25 13:35:20;-1;37,70;0,00;9,79;0,36;0,00;52,16
Giglio-pc;5;2015-11-25 13:35:25;-1;37,23;0,00;9,89;0,41;0,00;52,47
Giglio-pc;5;2015-11-25 13:35:30;-1;36,82;0,00;10,36;0,51;0,00;52,31
Giglio-pc;5;2015-11-25 13:35:35;-1;37,96;0,00;10,11;0,30;0,00;51,63
Giglio-pc;5;2015-11-25 13:35:40;-1;36,94;0,00;10,11;0,45;0,00;52,50
Giglio-pc;5;2015-11-25 13:35:45;-1;38,66;0,00;10,27;0,40;0,00;50,68
Giglio-pc;5;2015-11-25 13:35:50;-1;39,09;0,00;9,87;0,46;0,00;50,58
Giglio-pc;5;2015-11-25 13:35:55;-1;37,26;0,00;10,22;0,51;0,00;52,01
Giglio-pc;5;2015-11-25 13:36:00;-1;37,92;0,00;10,71;0,46;0,00;50,91
Giglio-pc;5;2015-11-25 13:36:05;-1;38,18;0,00;9,66;0,40;0,00;51,76
Giglio-pc;5;2015-11-25 13:36:10;-1;36,35;0,00;9,56;0,50;0,00;53,58
Giglio-pc;5;2015-11-25 13:36:15;-1;37,49;0,00;9,91;0,46;0,00;52,15
Giglio-pc;5;2015-11-25 13:36:20;-1;38,07;0,00;10,46;0,51;0,00;50,96
Giglio-pc;5;2015-11-25 13:36:25;-1;40,52;0,00;10,04;0,56;0,00;48,87
Giglio-pc;5;2015-11-25 13:38:12;-1;77,14;0,00;14,71;0,10;0,00;8,05
Giglio-pc;5;2015-11-25 13:38:17;-1;80,25;0,00;17,49;0,10;0,00;2,16
Giglio-pc;5;2015-11-25 13:38:22;-1;78,20;0,00;20,65;0,00;0,00;1,15
Giglio-pc;5;2015-11-25 13:38:27;-1;78,89;0,00;20,91;0,00;0,00;0,20
Giglio-pc;5;2015-11-25 13:38:32;-1;79,30;0,00;20,70;0,00;0,00;0,00
Giglio-pc;5;2015-11-25 13:38:37;-1;81,03;0,00;18,82;0,00;0,00;0,15
Giglio-pc;5;2015-11-25 13:38:42;-1;81,50;0,00;18,35;0,00;0,00;0,15
Giglio-pc;5;2015-11-25 13:38:47;-1;79,31;0,00;20,44;0,05;0,00;0,20
Giglio-pc;5;2015-11-25 13:38:52;-1;80,44;0,00;19,31;0,00;0,00;0,25
Giglio-pc;5;2015-11-25 13:38:57;-1;76,80;0,00;19,29;0,05;0,00;3,86
Giglio-pc;5;2015-11-25 13:39:02;-1;61,70;0,00;16,26;0,56;0,00;21,48
Giglio-pc;5;2015-11-25 13:39:07;-1;60,21;0,00;14,56;0,05;0,00;25,18
Giglio-pc;5;2015-11-25 13:39:12;-1;56,67;0,00;13,74;0,15;0,00;29,44
Giglio-pc;5;2015-11-25 13:39:17;-1;55,05;0,00;13,21;0,20;0,00;31,54
Giglio-pc;5;2015-11-25 13:39:22;-1;58,37;0,00;14,18;0,30;0,00;27,15
Giglio-pc;5;2015-11-25 13:39:27;-1;56,18;0,00;12,47;0,30;0,00;31,04
Giglio-pc;5;2015-11-25 13:39:32;-1;52,47;0,00;12,97;0,45;0,00;34,11
Giglio-pc;5;2015-11-25 13:39:37;-1;53,31;0,00;11,18;0,15;0,00;35,36
Giglio-pc;5;2015-11-25 13:39:42;-1;49,34;0,00;11,29;0,25;0,00;39,11
Giglio-pc;5;2015-11-25 13:39:47;-1;48,11;0,00;11,76;0,15;0,00;39,97
Giglio-pc;5;2015-11-25 13:39:52;-1;46,90;0,00;12,24;0,36;0,00;40,50
Giglio-pc;5;2015-11-25 13:39:57;-1;45,31;0,00;12,23;0,41;0,00;42,05
Giglio-pc;5;2015-11-25 13:40:02;-1;47,90;0,00;12,63;0,25;0,00;39,21
Giglio-pc;5;2015-11-25 13:40:07;-1;47,60;0,00;12,37;0,20;0,00;39,83
Giglio-pc;5;2015-11-25 13:40:12;-1;46,46;0,00;12,56;0,36;0,00;40,62
Giglio-pc;5;2015-11-25 13:40:17;-1;46,17;0,00;11,71;0,35;0,00;41,76
Giglio-pc;5;2015-11-25 13:40:22;-1;47,66;0,00;12,37;0,36;0,00;39,61
Giglio-pc;5;2015-11-25 13:40:27;-1;48,07;0,00;12,14;0,36;0,00;39,43
Giglio-pc;5;2015-11-25 13:40:32;-1;48,13;0,00;11,09;0,46;0,00;40,32
Giglio-pc;5;2015-11-25 13:40:37;-1;49,74;0,00;11,94;0,36;0,00;37,96
Giglio-pc;5;2015-11-25 13:40:42;-1;50,30;0,00;12,64;0,25;0,00;36,81
Giglio-pc;5;2015-11-25 13:40:47;-1;47,08;0,00;11,95;0,35;0,00;40,62
Giglio-pc;5;2015-11-25 13:40:52;-1;46,32;0,00;12,24;0,30;0,00;41,14
Giglio-pc;5;2015-11-25 13:40:57;-1;49,16;0,00;14,56;0,36;0,00;35,92
Giglio-pc;5;2015-11-25 13:41:02;-1;46,00;0,00;12,28;0,36;0,00;41,37
Giglio-pc;5;2015-11-25 13:41:07;-1;45,79;0,00;12,07;0,25;0,00;41,89
Giglio-pc;5;2015-11-25 13:41:12;-1;44,73;0,00;11,36;0,41;0,00;43,50
Giglio-pc;5;2015-11-25 13:41:17;-1;45,82;0,00;11,75;0,25;0,00;42,18
Giglio-pc;5;2015-11-25 13:41:22;-1;46,78;0,00;12,47;0,25;0,00;40,50
Giglio-pc;5;2015-11-25 13:41:27;-1;46,75;0,00;11,51;0,30;0,00;41,44
Giglio-pc;5;2015-11-25 13:41:32;-1;44,04;0,00;12,31;0,40;0,00;43,24
Giglio-pc;5;2015-11-25 13:41:37;-1;44,75;0,00;11,93;1,02;0,00;42,30
Giglio-pc;5;2015-11-25 13:41:42;-1;45,62;0,00;11,24;0,35;0,00;42,78
Giglio-pc;5;2015-11-25 13:41:47;-1;47,93;0,00;12,66;0,30;0,00;39,10
Giglio-pc;5;2015-11-25 13:41:52;-1;45,96;0,00;11,62;0,26;0,00;42,17
Giglio-pc;5;2015-11-25 13:41:57;-1;46,23;0,00;11,88;0,41;0,00;41,49
Giglio-pc;5;2015-11-25 13:42:02;-1;46,33;0,00;11,63;0,36;0,00;41,68
Giglio-pc;5;2015-11-25 13:42:07;-1;44,49;0,00;12,34;0,25;0,00;42,92
Giglio-pc;5;2015-11-25 13:42:12;-1;46,44;0,00;11,66;0,25;0,00;41,65
Giglio-pc;5;2015-11-25 13:42:17;-1;45,39;0,00;11,97;0,30;0,00;42,34
Giglio-pc;5;2015-11-25 13:42:22;-1;47,13;0,00;12,63;0,36;0,00;39,88
Giglio-pc;5;2015-11-25 13:42:27;-1;45,61;0,00;12,16;0,30;0,00;41,93
Giglio-pc;5;2015-11-25 13:42:32;-1;47,84;0,00;12,09;0,40;0,00;39,67
Giglio-pc;5;2015-11-25 13:42:37;-1;48,82;0,00;12,31;0,30;0,00;38,57
Giglio-pc;5;2015-11-25 13:42:42;-1;44,97;0,00;11,87;0,30;0,00;42,85
Giglio-pc;5;2015-11-25 13:42:47;-1;43,94;0,00;11,46;0,31;0,00;44,30
Giglio-pc;5;2015-11-25 13:42:52;-1;46,33;0,00;11,41;0,31;0,00;41,96
Giglio-pc;5;2015-11-25 13:42:57;-1;46,17;0,00;12,60;0,30;0,00;40,93
Giglio-pc;5;2015-11-25 13:43:02;-1;45,45;0,00;11,82;0,45;0,00;42,27
Giglio-pc;5;2015-11-25 13:43:07;-1;44,95;0,00;11,42;0,30;0,00;43,33
Giglio-pc;5;2015-11-25 13:43:12;-1;46,36;0,00;12,04;0,35;0,00;41,24
Giglio-pc;5;2015-11-25 13:45:01;-1;77,97;0,00;14,95;0,10;0,00;6,99
Giglio-pc;5;2015-11-25 13:45:06;-1;79,21;0,00;16,42;0,00;0,00;4,37
Giglio-pc;5;2015-11-25 13:45:11;-1;77,16;0,00;21,08;0,05;0,00;1,71
Giglio-pc;5;2015-11-25 13:45:16;-1;77,84;0,00;22,11;0,00;0,00;0,05
Giglio-pc;5;2015-11-25 13:45:21;-1;79,53;0,00;20,42;0,00;0,00;0,05
Giglio-pc;5;2015-11-25 13:45:26;-1;79,07;0,00;20,83;0,00;0,00;0,10
Giglio-pc;5;2015-11-25 13:45:31;-1;80,64;0,00;18,96;0,00;0,00;0,40
Giglio-pc;5;2015-11-25 13:45:36;-1;80,13;0,00;19,87;0,00;0,00;0,00
Giglio-pc;5;2015-11-25 13:45:41;-1;80,16;0,00;19,64;0,00;0,00;0,20
Giglio-pc;5;2015-11-25 13:45:46;-1;79,66;0,00;20,14;0,00;0,00;0,20
Giglio-pc;5;2015-11-25 13:45:51;-1;79,23;0,00;20,47;0,00;0,00;0,30
Giglio-pc;5;2015-11-25 13:45:56;-1;68,99;0,00;17,54;0,05;0,00;13,42
Giglio-pc;5;2015-11-25 13:46:01;-1;64,25;0,00;15,89;0,05;0,00;19,81
Giglio-pc;5;2015-11-25 13:46:06;-1;59,17;0,00;14,62;0,10;0,00;26,12
Giglio-pc;5;2015-11-25 13:46:11;-1;55,26;0,00;15,53;0,26;0,00;28,96
Giglio-pc;5;2015-11-25 13:46:16;-1;57,16;0,00;15,23;0,15;0,00;27,46
Giglio-pc;5;2015-11-25 13:46:21;-1;57,82;0,00;14,53;0,15;0,00;27,50
Giglio-pc;5;2015-11-25 13:46:26;-1;55,75;0,00;14,82;0,10;0,00;29,33
Giglio-pc;5;2015-11-25 13:46:31;-1;54,64;0,00;15,26;0,20;0,00;29,90
Giglio-pc;5;2015-11-25 13:46:36;-1;55,27;0,00;14,21;0,30;0,00;30,22
Giglio-pc;5;2015-11-25 13:46:41;-1;56,23;0,00;13,92;0,10;0,00;29,75
Giglio-pc;5;2015-11-25 13:46:46;-1;57,52;0,00;14,18;0,20;0,00;28,10
Giglio-pc;5;2015-11-25 13:46:51;-1;50,25;0,00;14,28;0,25;0,00;35,21
Giglio-pc;5;2015-11-25 13:46:56;-1;54,37;0,00;13,09;0,25;0,00;32,29
Giglio-pc;5;2015-11-25 13:47:01;-1;54,18;0,00;14,23;0,15;0,00;31,43
Giglio-pc;5;2015-11-25 13:47:06;-1;51,37;0,00;14,02;0,20;0,00;34,41
Giglio-pc;5;2015-11-25 13:47:11;-1;51,94;0,00;14,58;0,15;0,00;33,33
Giglio-pc;5;2015-11-25 13:47:16;-1;52,20;0,00;13,83;0,25;0,00;33,72
Giglio-pc;5;2015-11-25 13:47:21;-1;53,98;0,00;13,38;0,20;0,00;32,43
Giglio-pc;5;2015-11-25 13:47:26;-1;52,94;0,00;13,93;0,30;0,00;32,83
Giglio-pc;5;2015-11-25 13:47:31;-1;52,13;0,00;14,53;0,25;0,00;33,08
Giglio-pc;5;2015-11-25 13:47:36;-1;52,39;0,00;13,30;0,25;0,00;34,06
Giglio-pc;5;2015-11-25 13:47:41;-1;53,61;0,00;13,83;0,05;0,00;32,51
Giglio-pc;5;2015-11-25 13:47:46;-1;51,66;0,00;14,98;0,15;0,00;33,20
Giglio-pc;5;2015-11-25 13:47:51;-1;58,06;0,00;14,06;0,20;0,00;27,68
Giglio-pc;5;2015-11-25 13:47:56;-1;54,81;0,00;14,66;0,20;0,00;30,33
Giglio-pc;5;2015-11-25 13:48:01;-1;54,24;0,00;14,53;0,25;0,00;30,98
Giglio-pc;5;2015-11-25 13:48:06;-1;51,64;0,00;12,75;0,05;0,00;35,56
Giglio-pc;5;2015-11-25 13:48:11;-1;48,84;0,00;12,54;0,05;0,00;38,57
Giglio-pc;5;2015-11-25 13:48:16;-1;51,42;0,00;12,58;0,15;0,00;35,85
Giglio-pc;5;2015-11-25 13:48:21;-1;52,70;0,00;13,99;0,15;0,00;33,16
Giglio-pc;5;2015-11-25 13:48:26;-1;53,86;0,00;13,87;0,10;0,00;32,16
Giglio-pc;5;2015-11-25 13:48:31;-1;50,51;0,00;12,75;0,10;0,00;36,64
Giglio-pc;5;2015-11-25 13:48:36;-1;50,63;0,00;14,73;0,20;0,00;34,43
Giglio-pc;5;2015-11-25 13:48:41;-1;49,49;0,00;13,28;0,20;0,00;37,03
Giglio-pc;5;2015-11-25 13:48:46;-1;51,08;0,00;13,98;0,21;0,00;34,74
Giglio-pc;5;2015-11-25 13:48:51;-1;51,66;0,00;13,52;0,25;0,00;34,56
Giglio-pc;5;2015-11-25 13:48:56;-1;50,08;0,00;13,36;0,05;0,00;36,52
Giglio-pc;5;2015-11-25 13:49:01;-1;51,53;0,00;13,34;0,15;0,00;34,98
Giglio-pc;5;2015-11-25 13:49:06;-1;50,15;0,00;13,96;0,30;0,00;35,58
Giglio-pc;5;2015-11-25 13:49:11;-1;49,49;0,00;13,71;0,15;0,00;36,65
Giglio-pc;5;2015-11-25 13:49:16;-1;49,22;0,00;12,99;0,15;0,00;37,65
Giglio-pc;5;2015-11-25 13:49:21;-1;51,87;0,00;12,77;0,20;0,00;35,16
Giglio-pc;5;2015-11-25 13:49:26;-1;50,96;0,00;13,50;0,30;0,00;35,24
Giglio-pc;5;2015-11-25 13:49:31;-1;54,42;0,00;13,49;0,20;0,00;31,88
Giglio-pc;5;2015-11-25 13:49:36;-1;51,57;0,00;13,28;0,20;0,00;34,95
Giglio-pc;5;2015-11-25 13:49:41;-1;54,05;0,00;14,32;0,05;0,00;31,58
Giglio-pc;5;2015-11-25 13:49:46;-1;51,42;0,00;13,03;0,15;0,00;35,40
Giglio-pc;5;2015-11-25 13:49:51;-1;50,46;0,00;13,62;0,30;0,00;35,62
Giglio-pc;5;2015-11-25 13:49:56;-1;51,91;0,00;13,81;0,25;0,00;34,04
Giglio-pc;5;2015-11-25 13:50:01;-1;50,89;0,00;13,00;0,30;0,00;35,81
Giglio-pc;5;2015-11-25 13:52:02;-1;77,58;0,00;14,53;0,00;0,00;7,88
Giglio-pc;5;2015-11-25 13:52:07;-1;80,21;0,00;16,30;0,05;0,00;3,43
Giglio-pc;5;2015-11-25 13:52:12;-1;78,36;0,00;20,18;0,05;0,00;1,41
Giglio-pc;5;2015-11-25 13:52:17;-1;79,24;0,00;20,31;0,00;0,00;0,45
Giglio-pc;5;2015-11-25 13:52:22;-1;78,58;0,00;21,27;0,00;0,00;0,15
Giglio-pc;5;2015-11-25 13:52:27;-1;80,24;0,00;19,31;0,00;0,00;0,45
Giglio-pc;5;2015-11-25 13:52:32;-1;78,55;0,00;21,35;0,00;0,00;0,10
Giglio-pc;5;2015-11-25 13:52:37;-1;78,46;0,00;21,39;0,00;0,00;0,15
Giglio-pc;5;2015-11-25 13:52:42;-1;79,90;0,00;19,70;0,00;0,00;0,40
Giglio-pc;5;2015-11-25 13:52:47;-1;79,40;0,00;20,30;0,00;0,00;0,30
Giglio-pc;5;2015-11-25 13:52:52;-1;79,63;0,00;20,17;0,00;0,00;0,20
Giglio-pc;5;2015-11-25 13:52:57;-1;79,42;0,00;20,18;0,00;0,00;0,40
Giglio-pc;5;2015-11-25 13:53:02;-1;79,83;0,00;19,87;0,00;0,00;0,30
Giglio-pc;5;2015-11-25 13:53:07;-1;79,01;0,00;20,74;0,00;0,00;0,25
Giglio-pc;5;2015-11-25 13:53:12;-1;79,08;0,00;20,87;0,00;0,00;0,05
Giglio-pc;5;2015-11-25 13:53:17;-1;77,65;0,00;22,15;0,00;0,00;0,20
Giglio-pc;5;2015-11-25 13:53:22;-1;79,53;0,00;20,47;0,00;0,00;0,00
Giglio-pc;5;2015-11-25 13:53:27;-1;78,75;0,00;21,10;0,00;0,00;0,15
Giglio-pc;5;2015-11-25 13:53:32;-1;77,47;0,00;22,38;0,00;0,00;0,15
Giglio-pc;5;2015-11-25 13:53:37;-1;71,93;0,00;18,78;0,10;0,00;9,19
Giglio-pc;5;2015-11-25 13:53:42;-1;64,57;0,00;17,29;0,10;0,00;18,04
Giglio-pc;5;2015-11-25 13:53:47;-1;63,55;0,00;17,14;0,15;0,00;19,16
Giglio-pc;5;2015-11-25 13:53:52;-1;62,16;0,00;15,62;0,15;0,00;22,08
Giglio-pc;5;2015-11-25 13:53:57;-1;66,05;0,00;16,57;0,10;0,00;17,28
Giglio-pc;5;2015-11-25 13:54:02;-1;62,73;0,00;16,34;0,10;0,00;20,83
Giglio-pc;5;2015-11-25 13:54:07;-1;61,62;0,00;15,65;0,20;0,00;22,53
Giglio-pc;5;2015-11-25 13:54:12;-1;62,87;0,00;15,54;0,15;0,00;21,44
Giglio-pc;5;2015-11-25 13:54:17;-1;64,31;0,00;15,95;0,15;0,00;19,59
Giglio-pc;5;2015-11-25 13:54:22;-1;61,67;0,00;16,10;0,20;0,00;22,03
Giglio-pc;5;2015-11-25 13:54:27;-1;63,36;0,00;16,16;0,10;0,00;20,38
Giglio-pc;5;2015-11-25 13:54:32;-1;58,32;0,00;15,78;0,21;0,00;25,69
Giglio-pc;5;2015-11-25 13:54:37;-1;62,74;0,00;16,45;0,15;0,00;20,66
Giglio-pc;5;2015-11-25 13:54:42;-1;62,01;0,00;15,14;0,20;0,00;22,65
Giglio-pc;5;2015-11-25 13:54:47;-1;61,25;0,00;15,79;0,10;0,00;22,85
Giglio-pc;5;2015-11-25 13:54:52;-1;63,60;0,00;17,13;0,15;0,00;19,13
Giglio-pc;5;2015-11-25 13:54:57;-1;60,07;0,00;15,81;0,15;0,00;23,97
Giglio-pc;5;2015-11-25 13:55:02;-1;58,24;0,00;14,99;0,20;0,00;26,57
Giglio-pc;5;2015-11-25 13:55:07;-1;61,21;0,00;14,57;0,20;0,00;24,02
Giglio-pc;5;2015-11-25 13:55:12;-1;57,63;0,00;15,51;0,15;0,00;26,71
Giglio-pc;5;2015-11-25 13:55:17;-1;62,49;0,00;16,17;0,10;0,00;21,24
Giglio-pc;5;2015-11-25 13:55:22;-1;58,98;0,00;14,92;0,15;0,00;25,95
Giglio-pc;5;2015-11-25 13:55:27;-1;57,45;0,00;16,13;0,20;0,00;26,22
Giglio-pc;5;2015-11-25 13:55:32;-1;58,18;0,00;14,89;0,25;0,00;26,68
Giglio-pc;5;2015-11-25 13:55:37;-1;60,69;0,00;16,26;0,20;0,00;22,85
Giglio-pc;5;2015-11-25 13:55:42;-1;59,08;0,00;14,99;0,20;0,00;25,73
Giglio-pc;5;2015-11-25 13:55:47;-1;58,21;0,00;15,26;0,25;0,00;26,28
Giglio-pc;5;2015-11-25 13:55:52;-1;57,49;0,00;15,23;0,10;0,00;27,19
Giglio-pc;5;2015-11-25 13:55:57;-1;58,68;0,00;15,10;0,10;0,00;26,13
Giglio-pc;5;2015-11-25 13:56:02;-1;60,15;0,00;14,82;0,20;0,00;24,82
Giglio-pc;5;2015-11-25 13:56:07;-1;60,37;0,00;15,44;0,25;0,00;23,94
Giglio-pc;5;2015-11-25 13:56:12;-1;58,34;0,00;15,97;0,15;0,00;25,54
Giglio-pc;5;2015-11-25 13:56:17;-1;57,49;0,00;14,42;0,10;0,00;27,98
Giglio-pc;5;2015-11-25 13:56:22;-1;58,39;0,00;14,21;0,05;0,00;27,35
Giglio-pc;5;2015-11-25 13:56:27;-1;59,03;0,00;15,62;0,15;0,00;25,19
Giglio-pc;5;2015-11-25 13:56:32;-1;59,41;0,00;15,47;0,25;0,00;24,86
Giglio-pc;5;2015-11-25 13:56:37;-1;58,58;0,00;16,31;0,30;0,00;24,81
Giglio-pc;5;2015-11-25 13:56:42;-1;62,83;0,00;15,87;0,10;0,00;21,20
Giglio-pc;5;2015-11-25 13:56:47;-1;59,76;0,00;15,31;0,00;0,00;24,94
Giglio-pc;5;2015-11-25 13:56:52;-1;62,21;0,00;15,67;0,00;0,00;22,13
Giglio-pc;5;2015-11-25 13:56:57;-1;62,72;0,00;15,17;0,20;0,00;21,90
Giglio-pc;5;2015-11-25 13:57:02;-1;60,61;0,00;15,24;0,15;0,00;24,00
